{"cameraMode":{"drawMode":0,"name":"Shaded","section":"Shading Mode"},"sceneLighting":false,"audioPlay":false,"sceneViewState":{"m_AlwaysRefresh":false,"showFog":true,"showSkybox":false,"showFlares":true,"showImageEffects":true,"showParticleSystems":true,"showVisualEffectGraphs":true,"m_FxEnabled":true},"in2DMode":false,"pivot":{"x":4.868690490722656,"y":0.7040180563926697,"z":1.7748322486877442},"rotation":{"x":0.34828466176986697,"y":-0.3383863866329193,"z":0.13649098575115205,"w":0.8634611964225769},"size":2.997710943222046,"orthographic":true}