{"cameraMode":{"drawMode":0,"name":"Shaded","section":"Shading Mode"},"sceneLighting":true,"audioPlay":false,"sceneViewState":{"m_AlwaysRefresh":false,"showFog":true,"showSkybox":true,"showFlares":true,"showImageEffects":true,"showParticleSystems":true,"showVisualEffectGraphs":true,"m_FxEnabled":true},"in2DMode":false,"pivot":{"x":26.746368408203126,"y":1.0270135402679444,"z":-24.292633056640626},"rotation":{"x":0.4173021912574768,"y":-0.009541647508740425,"z":0.004381807986646891,"w":0.9087068438529968},"size":4.42441463470459,"orthographic":true}