{"cameraMode":{"drawMode":0,"name":"Shaded","section":"Shading Mode"},"sceneLighting":true,"audioPlay":false,"sceneViewState":{"m_AlwaysRefresh":false,"showFog":true,"showSkybox":true,"showFlares":true,"showImageEffects":true,"showParticleSystems":true,"showVisualEffectGraphs":true,"m_FxEnabled":true},"in2DMode":false,"pivot":{"x":10.150270462036133,"y":0.9762630462646484,"z":29.841407775878908},"rotation":{"x":0.26338738203048708,"y":-0.5063302516937256,"z":0.16582804918289185,"w":0.8042131066322327},"size":63.39374923706055,"orthographic":false}