{"cameraMode":{"drawMode":0,"name":"Shaded","section":"Shading Mode"},"sceneLighting":true,"audioPlay":false,"sceneViewState":{"m_AlwaysRefresh":false,"showFog":true,"showSkybox":true,"showFlares":true,"showImageEffects":true,"showParticleSystems":true,"showVisualEffectGraphs":true,"m_FxEnabled":true},"in2DMode":false,"pivot":{"x":1.1491544246673585,"y":2.5738627910614015,"z":0.10809326171875},"rotation":{"x":0.0035052504390478136,"y":0.9959508776664734,"z":-0.044847942888736728,"w":0.07784207910299301},"size":3.4734530448913576,"orthographic":false}