{"cameraMode":{"drawMode":0,"name":"Shaded","section":"Shading Mode"},"sceneLighting":true,"audioPlay":false,"sceneViewState":{"m_AlwaysRefresh":false,"showFog":true,"showSkybox":true,"showFlares":true,"showImageEffects":true,"showParticleSystems":true,"showVisualEffectGraphs":true,"m_FxEnabled":true},"in2DMode":false,"pivot":{"x":-14.603550910949707,"y":1.0301774740219117,"z":-34.912715911865237},"rotation":{"x":0.44828417897224429,"y":-0.022252099588513376,"z":0.01116377767175436,"w":0.8935447335243225},"size":18.210460662841798,"orthographic":true}