{"cameraMode":{"drawMode":0,"name":"Shaded","section":"Shading Mode"},"sceneLighting":true,"audioPlay":false,"sceneViewState":{"m_AlwaysRefresh":false,"showFog":true,"showSkybox":true,"showFlares":true,"showImageEffects":true,"showParticleSystems":true,"showVisualEffectGraphs":true,"m_FxEnabled":true},"in2DMode":false,"pivot":{"x":7.0487165451049809,"y":2.8343169689178469,"z":0.5600418448448181},"rotation":{"x":0.26338738203048708,"y":-0.5063302516937256,"z":0.16582804918289185,"w":0.8042131066322327},"size":27.142662048339845,"orthographic":false}