{"cameraMode":{"drawMode":0,"name":"Shaded","section":"Shading Mode"},"sceneLighting":true,"audioPlay":false,"sceneViewState":{"m_AlwaysRefresh":false,"showFog":true,"showSkybox":true,"showFlares":true,"showImageEffects":true,"showParticleSystems":true,"showVisualEffectGraphs":true,"m_FxEnabled":true},"in2DMode":false,"pivot":{"x":26.390106201171876,"y":-1.838940978050232,"z":-33.05225372314453},"rotation":{"x":-0.00284980284050107,"y":0.9872261881828308,"z":-0.1583053022623062,"w":-0.017771996557712556},"size":13.753300666809082,"orthographic":false}