{"cameraMode":{"drawMode":0,"name":"Shaded","section":"Shading Mode"},"sceneLighting":false,"audioPlay":false,"sceneViewState":{"m_AlwaysRefresh":false,"showFog":true,"showSkybox":false,"showFlares":true,"showImageEffects":true,"showParticleSystems":true,"showVisualEffectGraphs":true,"m_FxEnabled":true},"in2DMode":false,"pivot":{"x":0.14977121353149415,"y":-0.45871710777282717,"z":1.2350784540176392},"rotation":{"x":0.22163771092891694,"y":0.007313387934118509,"z":-0.0016623135888949037,"w":0.9751001596450806},"size":3.4655017852783205,"orthographic":false}