{"cameraMode":{"drawMode":0,"name":"Shaded","section":"Shading Mode"},"sceneLighting":false,"audioPlay":false,"sceneViewState":{"m_AlwaysRefresh":false,"showFog":true,"showSkybox":false,"showFlares":true,"showImageEffects":true,"showParticleSystems":true,"showVisualEffectGraphs":true,"m_FxEnabled":true},"in2DMode":false,"pivot":{"x":-18.665464401245118,"y":1.3397220373153687,"z":-29.157960891723634},"rotation":{"x":0.44828417897224429,"y":-0.022252099588513376,"z":0.01116377767175436,"w":0.8935447335243225},"size":2.272675037384033,"orthographic":true}