{"cameraMode":{"drawMode":0,"name":"Shaded","section":"Shading Mode"},"sceneLighting":false,"audioPlay":false,"sceneViewState":{"m_AlwaysRefresh":false,"showFog":true,"showSkybox":false,"showFlares":true,"showImageEffects":true,"showParticleSystems":true,"showVisualEffectGraphs":true,"m_FxEnabled":true},"in2DMode":false,"pivot":{"x":0.20180034637451173,"y":2.182593584060669,"z":-1.1920928955078126e-7},"rotation":{"x":0.25067585706710818,"y":-0.7103267908096314,"z":0.3057785928249359,"w":0.5823209285736084},"size":3.023272752761841,"orthographic":true}