{"cameraMode":{"drawMode":0,"name":"Shaded","section":"Shading Mode"},"sceneLighting":false,"audioPlay":false,"sceneViewState":{"m_AlwaysRefresh":false,"showFog":true,"showSkybox":false,"showFlares":true,"showImageEffects":true,"showParticleSystems":true,"showVisualEffectGraphs":true,"m_FxEnabled":true},"in2DMode":false,"pivot":{"x":0.20180034637451173,"y":2.182593584060669,"z":-1.1920928955078126e-7},"rotation":{"x":0.39789432287216189,"y":0.21237307786941529,"z":-0.09522268176078797,"w":0.8874183297157288},"size":3.023272752761841,"orthographic":true}