{"cameraMode":{"drawMode":0,"name":"Shaded","section":"Shading Mode"},"sceneLighting":false,"audioPlay":false,"sceneViewState":{"m_AlwaysRefresh":false,"showFog":true,"showSkybox":false,"showFlares":true,"showImageEffects":true,"showParticleSystems":true,"showVisualEffectGraphs":true,"m_FxEnabled":true},"in2DMode":false,"pivot":{"x":0.1685495376586914,"y":2.0171821117401125,"z":0.5237661600112915},"rotation":{"x":0.08639898896217346,"y":-0.7987891435623169,"z":0.11827533692121506,"w":0.5835085511207581},"size":2.6100962162017824,"orthographic":false}